EAN,ITEM_CD,name_en,store_cat,high_value,price_usd
3583787765531,4097106,A300 S SWIP Women's Kids Watch Black One Size,watch_gps,1,22.99
3583788379171,2047243,A300 Kids Watch - Blue Green,watch_gps,1,22.99
3583787726365,4104602,W900 GEL,watch_gps,1,89.99
3608419126877,2600518,W900 Boys Breathable/Durable/Lightweight - Black Black 123-130cm 7-8Y,watch_gps,1,89.99
3583788502715,645985,W200 M BLACK NEW,watch_gps,1,14.99
3608429739845,2987038,W200 M Watch Blue M,watch_gps,1,14.99
3583788379201,2047245,A300 Kids Watch - Blue Green,watch_gps,1,22.99
3583787726426,4104599,W900 GEL,watch_gps,1,89.99
3583788288428,2192843,W900 M SWIP Watch White,watch_gps,1,89.99
3583787494417,4479514,W500 Memory Foam,watch_gps,1,34.99
3583788502654,646219,W Men's Waterproof Watch,watch_gps,1,29.99
3583788625155,1814988,ONRHYTHM 110 Watch & HRM Strap Black,watch_gps,1,7.49
3608409880192,2538608,Watch Holder Black,watch_gps,1,29.99
3608429658009,4350625,"W200 S LTD BLUE NATURE, 1/0",watch_gps,1,14.99
3583788033462,2698342,W500 M SWIP Watch Blue One Size,watch_gps,1,34.99
3608419126860,2600520,W900 Boys Breathable/Durable/Lightweight - Black Black 131-140cm 8-9Y,watch_gps,1,89.99
3583783901858,2882325,W900 Boys Breathable/Durable/Lightweight - Black Black 113-122cm 5-6Y,watch_gps,1,89.99
3583788181408,2484424,"W200 M BLUE BLACK, UNIQUE",watch_gps,1,14.99
3583788033479,2698294,W200 M Watch Gray M,watch_gps,1,14.99
3608419126846,2600522,W900 Boys Breathable/Durable/Lightweight - Black Black 151-160cm12-13Y,watch_gps,1,89.99
3583788625650,1824421,A300 S SWIP Women's Kids Watch - White,watch_gps,1,22.99
3583787726433,4104598,W900 GEL,watch_gps,1,89.99
3583787726341,4104603,W900 GEL,watch_gps,1,89.99
3583787494400,4479513,W500 Memory Foam,watch_gps,1,34.99
3608419132014,2603814,"SHORT W500 TG G Shorts B, 123-130CM 7-8Y",watch_gps,1,34.99
3583788746218,1620545,Strap M SWIP Watch Strap Black,watch_gps,1,29.99
3583788378822,2047293,W100 S Women's Kids Blue,watch_gps,1,7.49
3583787726419,4104600,W900 GEL,watch_gps,1,89.99
3583788502593,646268,Watch W700XC Black,watch_gps,1,29.99
3583787765548,4097107,A300 S SWIP Women's Kids Watch Red One Size,watch_gps,1,22.99
3583787726402,4104601,W900 GEL,watch_gps,1,89.99
3583788288398,2192844,Watch W700XC Black,watch_gps,1,29.99
3583788502692,645977,W100 M SWIP Watch Black,watch_gps,1,7.49
3608419126853,2600521,W900 Boys Breathable/Durable/Lightweight - Black Black 141-150cm10-11Y,watch_gps,1,89.99
3608419126839,2600523,W900 Boys Breathable/Durable/Lightweight - Black Black 161-172cm14-15Y,watch_gps,1,89.99
3583788661801,1760439,A300 M SWIP Watch - Black,watch_gps,1,22.99
3583788181460,2484421,"W200 S BLUE YELLOW, No Size",watch_gps,1,14.99
3583788502647,646221,W500 M SWIP Watch White,watch_gps,1,34.99
3583788625018,1816356,ONRHYTHM 110 Watch & HRM Strap- Black,watch_gps,1,7.49
3608429978961,1372382,W200 S BLACK,watch_gps,1,14.99
3608429827399,2182663,Ekiden Active Breath Childrens Running Shoes - Fuchsia Fluo lime,running_shoe,0,44.99
3608429838548,2172804,EKIPRIME Men's Running Shoes - Blue Bright indigo,running_shoe,0,44.99
3608429832379,2179362,Kiprun SD Mens Running Shoes - Blue Fluo lime yellow,running_shoe,0,44.99
3608429836094,2173116,RUN ONE PLUS Women's Running Shoes Green Caribbean blue,running_shoe,0,44.99
3608429856047,2014030,RUN ELIORUN Men's Running Shoes Blue Gray,running_shoe,0,44.99
3608429803683,2501112,KIPRUN TRAIL XT 7 WOMENS TRAIL RUNNING SHOES Gray,running_shoe,0,44.99
3608429865728,2007383,Kalenji Eliofeet Women's Running Shoes Gray,running_shoe,0,44.99
3608429831938,2179356,Kiprun SD Mens Running Shoes - Yellow Abyss grey,running_shoe,0,44.99
3608429827825,2182666,Ekiden Active Breath Childrens Running Shoe Blue,running_shoe,0,44.99
3608429827429,2182673,Ekiden Active Breath Childrens Running Shoe Blue,running_shoe,0,44.99
3608429836049,2173118,RUN ONE PLUS Women's Running Shoes Green Caribbean blue,running_shoe,0,44.99
3608429827443,2182648,Ekiden Active Breath Childrens Running Shoes - Fuchsia Fluo sunflower,running_shoe,0,44.99
3608429836155,2173122,RUN ONE PLUS Women's Running Shoes Green Caribbean blue,running_shoe,0,44.99
3608429832430,2177579,Ekiden Active Lace-up Girls Running Shoes Magenta,running_shoe,0,44.99
3608429827535,2182642,Ekiden Active Breath Childrens Running Shoe - Blue Fluo deep magenta,running_shoe,0,44.99
3608429772415,2380986,KIPRUN TRAIL XT 7 WOMENS TRAIL RUNNING SHOES Gray,running_shoe,0,44.99
3608429837831,2172829,RUN ELIORUN Men's Running Shoes Blue Gray Navy blue,running_shoe,0,44.99
3608429885641,2005516,EKIPRIME Men's Running Shoes Gray Blue Blue grey,running_shoe,0,44.99
3608429836186,2173139,RUN EKIPRIME Women's Running Shoes Black Abyss grey,running_shoe,0,44.99
3608429899778,260379,RUN ONE PLUS Women's Running Shoes Green,running_shoe,0,44.99
3608429830542,2180068,RUN ELIORUN Men's Running Shoes Black Navy blue,running_shoe,0,44.99
3608429907190,183902,RUN ONE PLUS Women's Running Shoes Green Bright pink,running_shoe,0,44.99
3608429837251,2172867,RUN ELIORUN Men's Running Shoes Blue Gray,running_shoe,0,44.99
3608429827641,2182671,Ekiden Active Breath Childrens Running Shoe Blue,running_shoe,0,44.99
3608429927112,1773200,Kapteren Discover Men's Running Shoes - Black,running_shoe,0,44.99
3608429885658,2005515,EKIPRIME Men's Running Shoes Gray Blue Blue grey,running_shoe,0,44.99
3608429927129,1773199,Kapteren Discover Men's Running Shoes - Black,running_shoe,0,44.99
3608429790914,2508424,Ekiden Active Breath Childrens Running Shoe Gray,running_shoe,0,44.99
3608429790822,2472115,Ekiden Active Breath Childrens Running Shoe Coral Pink,running_shoe,0,44.99
3608429887287,549226,ELIOPRIME Men's Running Shoes Gray Red,running_shoe,0,44.99
3608429827504,2182652,Ekiden Active Breath Childrens Running Shoes - Fuchsia Fluo sunflower,running_shoe,0,44.99
3608429832867,2177566,EKIDEN ONE Kids Running Shoes Gray,running_shoe,0,44.99
3608429839361,2171542,Kiprun SD Mens Running Shoes - Blue Royal blue,running_shoe,0,44.99
3608429907169,183917,RUN ONE PLUS Women's Running Shoes Green Bright pink,running_shoe,0,44.99
3608429832768,2177510,EKIDEN ONE Kids Running Shoes Navy Blue,running_shoe,0,44.99
3608429832652,2177573,EKIDEN ONE Kids Running Shoes Gray,running_shoe,0,44.99
3608429827665,2182638,Ekiden Active Breath Childrens Running Shoe - Blue Fluo deep magenta,running_shoe,0,44.99
3608429837268,2172868,RUN ELIORUN Men's Running Shoes Blue Gray,running_shoe,0,44.99
3608429838258,2172827,RUN ELIORUN Men's Running Shoes Blue Gray Navy blue,running_shoe,0,44.99
3608429832744,2177512,EKIDEN ONE Kids Running Shoes Navy Blue,running_shoe,0,44.99
3608429827436,2182647,Ekiden Active Breath Childrens Running Shoes - Fuchsia Fluo sunflower,running_shoe,0,44.99
3608429837244,2172869,RUN ELIORUN Men's Running Shoes Black,running_shoe,0,44.99
3608429832669,2177574,EKIDEN ONE Kids Running Shoes Gray,running_shoe,0,44.99
3608429827481,2182645,Ekiden Active Breath Childrens Running Shoe - Blue Fluo deep magenta,running_shoe,0,44.99
3608429899815,260365,RUN ONE PLUS Women's Running Shoes Green,running_shoe,0,44.99
3608429832072,2179365,Kiprun SD Mens Running Shoes - Blue Fluo lime yellow,running_shoe,0,44.99
3608429699415,2957290,Womens Trail Running Shoe TR2 - black pink Gray,running_shoe,0,44.99
3608429927136,1773202,Kapteren Discover Men's Running Shoes - Black,running_shoe,0,44.99
3608429827719,2182660,Ekiden Active Breath Childrens Running Shoes - Fuchsia Fluo lime,running_shoe,0,44.99
3608429885702,2005518,EKIPRIME Men's Running Shoes Gray Blue Blue grey,running_shoe,0,44.99
3608429830573,2180066,RUN ELIORUN Men's Running Shoes Black Navy blue,running_shoe,0,44.99
3608429832355,2179364,Kiprun SD Mens Running Shoes - Blue Fluo lime yellow,running_shoe,0,44.99
3608429832386,2179361,Kiprun SD Mens Running Shoes - Blue Fluo lime yellow,running_shoe,0,44.99
3608429827801,2182670,Ekiden Active Breath Childrens Running Shoe Blue,running_shoe,0,44.99
3608429865513,2005682,RUN ONE PLUS Women's Running Shoes Green,running_shoe,0,44.99
3608429927167,1773203,Kapteren Discover Men's Running Shoes - Black,running_shoe,0,44.99
3608429831914,2342813,Kiprun SD Mens Running Shoes - Grey / Yellow Abyss grey,running_shoe,0,44.99
3608429827795,2182667,Ekiden Active Breath Childrens Running Shoe Blue,running_shoe,0,44.99
3608429837046,2172899,EKIPRIME Men's Running Shoes Gray Blue Blue grey,running_shoe,0,44.99
3608429832089,2179366,Kiprun SD Mens Running Shoes - Blue Fluo lime yellow,running_shoe,0,44.99
3608429827498,2182675,Ekiden Active Breath Childrens Running Shoe Blue,running_shoe,0,44.99
3608429865537,2005684,RUN ONE PLUS Women's Running Shoes Green,running_shoe,0,44.99
3608429830603,2180069,RUN ELIORUN Men's Running Shoes Black Navy blue,running_shoe,0,44.99
3608429827818,2182669,Ekiden Active Breath Childrens Running Shoe Blue,running_shoe,0,44.99
3608429832843,2177506,EKIDEN ONE Kids Running Shoes Navy Blue,running_shoe,0,44.99
3608429838227,2172828,RUN ELIORUN Men's Running Shoes Blue Gray Navy blue,running_shoe,0,44.99
3608429772293,2380988,KIPRUN TRAIL XT 7 WOMENS TRAIL RUNNING SHOES Gray,running_shoe,0,44.99
3608429827467,2182655,Ekiden Active Breath Childrens Running Shoes - Fuchsia Fluo sunflower,running_shoe,0,44.99
3608429803737,2501108,KIPRUN TRAIL XT 7 WOMENS TRAIL RUNNING SHOES Gray,running_shoe,0,44.99
3608429838470,2172802,EKIPRIME Men's Running Shoes - Blue Bright indigo,running_shoe,0,44.99
3608429837275,2172866,RUN ELIORUN Men's Running Shoes Blue Gray,running_shoe,0,44.99
3608429838210,2172825,RUN ELIORUN Men's Running Shoes Blue Gray Navy blue,running_shoe,0,44.99
3608429836025,2173142,RUN EKIPRIME Women's Running Shoes Black Abyss grey,running_shoe,0,44.99
3608429927105,1773197,Kapteren Discover Men's Running Shoes - Black,running_shoe,0,44.99
3608429887225,549227,ELIOPRIME Men's Running Shoes Gray Red,running_shoe,0,44.99
3608429865711,2007382,Kalenji Eliofeet Women's Running Shoes Gray,running_shoe,0,44.99
3608429832881,2177565,EKIDEN ONE Kids Running Shoes Gray,running_shoe,0,44.99
3608429856184,2014022,RUN ELIORUN Men's Running Shoes Blue Gray,running_shoe,0,44.99
3608429927143,1773201,Kapteren Discover Men's Running Shoes - Black,running_shoe,0,44.99
3608429827689,2182640,Ekiden Active Breath Childrens Running Shoe - Blue Fluo deep magenta,running_shoe,0,44.99
3608392691645,5493193,"SHORT TIGHT RUN 500, / EU M (L29)",running_app,0,34.99
3608429651406,4716801,"SHORT RUN DRY+ M BLUE G20,"" / EU L",running_app,0,25.99
3608429825104,2185960,ELIORUN WOMAN BLACK,running_app,0,25.99
3608429828792,2181314,RUN DRY Men's T-Shirt Orange L,running_app,0,25.99
3608429725992,2925845,Kiprun Men's Lightweight KD - Blue Yellow Blue,running_app,0,25.99
3608429804642,2504729,"TANK RUN DRY M BLACK, 2XL",running_app,0,25.99
3608429781530,2494591,RUN WARM + MENS RUNNING SLEEVELESS JACKET - BLUE NIGHT Black 2XL,running_app,0,25.99
3608429814207,2343392,Kiprun Mens Wind Jacket - White Snow white S,running_app,0,25.99
3608429812708,2349625,"LONGTIGHT KIPRUN COMPR, 60-70kg/>177cm",running_app,0,25.99
3608429656340,4681391,"T SHIRT RUN DRY M RED E08C, 3XL",running_app,0,25.99
3608429805861,2508165,Kiprun Socks Coral Pink 220,running_app,0,13.99
3608393464767,5593531,"TS RUN 100 M WHITE N00A, M",running_app,0,6.49
3608429794523,2501929,KIPRUN Men's T-Shirt Black M,running_app,0,25.99
3583783968424,2508054,Kiprun Socks White 245,running_app,0,13.99
3608390271955,4896430,"TS ML 1/2 ZIP RUN 900 M WARM BLUE, L",running_app,0,79.99
3608429763642,2426285,KIPRUN Men's Gray,running_app,0,25.99
3608392933783,5474679,"JACKET RUN 900 M WARM REGUL PURPLE G, XL",running_app,0,79.99
3608391918682,5334889,"TS RUN 500 W DRY KHAKI J25, / EU M",running_app,0,34.99
3608429713449,4006398,RUN DRY+ MENS RUNNING TIGHT SHORTS - BLACK Black L,running_app,0,25.99
3608429673019,4432137,RUNNING PANTY PALE KHAKI K24A,running_app,0,25.99
3583783961937,2989028,KIPRUN Men's Black,running_app,0,25.99
3608429812715,2349624,"LONGTIGHT KIPRUN COMPR, 60-70kg/<177cm",running_app,0,25.99
3608429745778,2906267,Running Tactile Gloves Blue M,running_app,0,25.99
3608429651420,4716799,"SHORT RUN DRY+ M BLUE G20,"" / EU S",running_app,0,25.99
3583783904361,2752701,"TIGHT RUN WARM W BLACK, S / W28",running_app,0,25.99
3608429661665,4564020,"RUN GLOVES EVOLUTIV V2, L",running_app,0,25.99
3608429725732,4025336,Kiprun Lightweight Men's - Green/Yellow Yellow,running_app,0,25.99
3608429644453,4630245,"LS TS RUN WARM BLUE E18A, M",running_app,0,25.99
3608393520623,5684503,"TS RUN 500 W DRY CYAN B, / EU L",running_app,0,34.99
3608429802815,2508898,Kiprun MT Men's Gray,running_app,0,25.99
3608429656302,4681389,"T SHIRT RUN DRY M RED E08C, XL",running_app,0,25.99
3608392450969,5445683,KIPRUN KD900X LD 2 M - Pu,running_app,0,25.99
3608429764380,2419378,Kiprun Lightweight Men's - Green/Yellow Yellow,running_app,0,25.99
3608390768417,5075655,"SHORT RUN 500 W DRY GR, / EU XL",running_app,0,34.99
3608393506597,5636985,"SHORT 2in1 RUN 500 M DARK,"" - EU S",running_app,0,34.99
3608429678045,2956837,TRAIL RUNNING BAG 10 L ORANGE,running_app,0,25.99
3608390385133,4997655,KIPRUN KD900 LIGHT M gre,running_app,0,79.99
3608429930723,1703364,Ekiden Men's Running - Black,running_app,0,25.99
3583784851343,4925269,"T SHIRT RUN DRY 100 W, /XL",running_app,0,6.49
3608391673666,5244853,"Jacket Wind Run 100 W Whi, / EU XL",running_app,0,6.49
3608429805243,2506974,KALENJI KIPRUN Women's Yellow,running_app,0,25.99
3608429776536,2614457,RUN WIND Women's Jacket White S,running_app,0,25.99
3608429763635,2426284,KIPRUN Men's Gray,running_app,0,25.99
3608429793700,2501497,"3/4 PANT RUN DRY+ M M BLACK, W28",running_app,0,25.99
3608429711506,4114281,Kiprun Women's Leggings 7/8 - Black XS / W26,running_app,0,25.99
3608429833192,2177503,EKIDEN ACTIVE CHILDRENS RIPTAB RUNNING TRAINERS Fluo deep magenta,running_app,0,25.99
3583784029612,4044137,"KIPRUN SHORT TIGHT BLACK, XL",running_app,0,25.99
3608392535185,5467011,KIPRUN KS 900 2 W - black,running_app,0,79.99
3608393580603,5679434,"SHORT RUN 500 W DRY DUCK, - EU S",running_app,0,34.99
3608392450914,5445678,KIPRUN KD900X LD 2 M - Pur,running_app,0,25.99
3608429824183,2188176,RUN DRY+ MENS RUNNING T-SHIRT GREY PRINT Fluo lime yellow XS,running_app,0,25.99
3608429786023,2471212,Kiprun Women's Black W26,running_app,0,25.99
3608391774745,5273798,KIPRUN KS900 2 M Blue,running_app,0,79.99
3583783816152,2502809,KIPRUN Women's Black W33,running_app,0,25.99
3608429804260,2501508,"3/4 PANT RUN DRY+ M M BLACK, W41",running_app,0,25.99
3608390479207,4967077,"TANK RUN 100 W BLACK N07A, / EU S",running_app,0,6.49
3608429891222,536667,Elio Men's Running T-Shirt - Blue/Gray,running_app,0,25.99
3608391674007,5205476,"Jacket Wind Run 100 W B, / EU L",running_app,0,6.49
3608390385454,4997668,KIPRUN KD900 LIGHT M whi,running_app,0,79.99
3608429891710,536369,Ekiden Men’s Running Black 2XL,running_app,0,25.99
3608393581655,5691556,"SHORT 2in1 RUN 500 W, - EU M",running_app,0,34.99
3608391876142,5318349,"TANK RUN 500 M COMFORT GREEN K23A, S",running_app,0,34.99
3608390118533,4049610,"KIPRUN LS CARE 2 BLACK, M",running_app,0,25.99
3608429836964,2173044,RUN ACTIVE Women's Shoes,running_app,0,25.99
3608429809203,2508290,KALENJI RUN DRY + GIRLS T-SHIRT FLECKED Coral Pink 6Y,running_app,0,25.99
3608392096020,5305737,"TANK RUN 100 W GREY, / EU XL",running_app,0,6.49
3583784028820,4044164,"SHORT KIPRUN 2 IN 1 DARK GREY BLACK, L",running_app,0,25.99
3608429678083,2956840,TRAIL RUNNING BAG 10 L ORANGE,running_app,0,25.99
3608391916961,5318659,"SHORT RUN 500 M COMFORT S,"" / EU M",running_app,0,34.99
3608392364549,5426580,"SHORT TIGHT RUN 900 M UL,"" - EU XL",running_app,0,79.99
3608429668695,4579137,"PANT RUN DRY M, 34"" / L (L32)",running_app,0,25.99
3608393581587,5679497,"SHORT RUN 900 W LIGHT PR, - EU XS",running_app,0,79.99
3583783904408,2730859,"RUNNING 3/4 TIGHT RUN DRY W, L / W33",running_app,0,25.99
3608429672173,4392858,"TANK RUN DRY W GREY BLUE, /",running_app,0,25.99
3608429713203,4018886,Kiprun Women's Leggings 7/8 - Coral Coral Pink S,running_app,0,25.99
3608429828761,2181316,RUN DRY Men's T-Shirt Orange 2XL,running_app,0,25.99
3608429794004,2503252,KIPRUN Men's T-Shirt White M,running_app,0,25.99
3583783832701,2667263,RUN WARM + Men's Black 2XL / W41,running_app,0,25.99
3608392776182,5493300,"TS RUN 500 W CROP, / EU XL [short]",running_app,0,34.99
3608429852865,2023966,EKIDEN Women's Running T-Shirt Pink,running_app,0,25.99
3608391881665,5318702,"SHORT RUN 500 M COMFORT GREEN K23A, M",running_app,0,34.99
3608393272737,5632689,"SHORT 2in1 RUN 500 W GREY, - EU M",running_app,0,34.99
3608390793433,5085170,"JACKET RAIN RUN 100 W B, / EU L",running_app,0,6.49
3608429808213,2506246,KIPRUN Men's Yellow,running_app,0,25.99
3608429782285,2426526,RUN WARM Women's Jacket Black S,running_app,0,25.99
3608429744764,2777658,RUN WARM + Women's WARM Navy Blue W28,running_app,0,25.99
3608429783299,2426394,Run Dry Women's Purple W30,running_app,0,25.99
3608393466297,5593322,"TS RUN 100 M GREY N11A, XL",running_app,0,6.49
3608429670094,4392881,"LS TS RUN SUN PROTECT W PA, /",running_app,0,25.99
3608429807940,2501700,KIPRUN Men's Red,running_app,0,25.99
3608429765257,2612546,KIPRUN Women's - Black Black S,running_app,0,25.99
3608392356285,5334797,"TANK RUN 900 M REPLIKA GREEN L22A / A, M",running_app,0,79.99
3608429890744,536952,Elio Men's Running - Black,running_app,0,25.99
3608393403865,5657401,"PANT RUN 500 M WARM, / EU L (L32)",running_app,0,34.99
3608429709749,4096391,Women's Lightweight Breathable Black S,running_app,0,25.99
3608392094880,5326915,"SHORT RUN 900 W LIGHT NAV, / EU S",running_app,0,79.99
3608429661603,4593180,"LS TS RUN WARM GREY N03A, L",running_app,0,25.99
3608390337774,4988056,KIPRUN KS900 LIGHT M g,running_app,0,79.99
3608390056071,4150999,Kiprun Lightweight Men's - Green/Yellow,running_app,0,25.99
3583784039918,4151765,Kiprun Women's KD - Coral/Green Black,running_app,0,25.99
3608392107665,5383070,KIPRUN KS900 2 M - White G,running_app,0,79.99
3583784067454,4170664,RUN ACTIVE Women's Shoes Gray,running_app,0,25.99
3608429657965,4826164,"JACKET RUN WIND HOOD M GR, M (Chest 37"")",running_app,0,25.99
3608429827153,2182808,Kiprun Socks Gray 245,running_app,0,13.99
3608429843894,2103003,RUN WIND Women's Jacket Pink Fluo peach,running_app,0,25.99
3608429661696,4564019,"RUN GLOVES EVOLUTIV V2, S",running_app,0,25.99
3608394030626,5760586,"PANT RUN 500 W DRY C, - EU M (L29)",running_app,0,34.99
3608390164806,4296422,KIPRUN KS 900 LIGHT W WHITE,running_app,0,79.99
3583784029605,4044135,"KIPRUN SHORT TIGHT BLACK, S",running_app,0,25.99
3608429794141,2508801,"KIPRUN Men's - Black Black 90-100kg/<58""""",running_app,0,25.99
3608392776144,5493296,"TS RUN 500 W CROPP, / EU M [short]",running_app,0,34.99
3608429678052,2956838,"TRAIL RUNNING BAG 10 L ORANGE, XL",running_app,0,25.99
3583784851244,4925259,"T SHIRT RUN DRY 100 W, /XL",running_app,0,6.49
3608392450990,5445686,KIPRUN KD900X LD 2 M - P,running_app,0,25.99
3608392242892,5318799,"SHORT RUN 900 H REPLIKA B,"" / EU M",running_app,0,79.99
3608429829515,2182088,RUN DRY Men's T-Shirt Black Fluo lime yellow,running_app,0,25.99
3608391918705,5334891,"TS RUN 500 W DRY KHAKI J2, / EU XL",running_app,0,34.99
3608429793182,2502992,KIPRUN Kids T-Shirt Gray 12Y,running_app,0,25.99
3608429825067,2185955,ELIORUN WOMAN Teal green,running_app,0,25.99
3608392987151,5524734,"TS RUN 500 M ANTI-UV Carbon, 2XL [short]",running_app,0,34.99
3608419305753,2182221,Energy Xtrem Fitness T-Shirt - Yellow Black Midnight blue,fitness,0,22.99
3608419196603,2529164,900 Cross-Training Leggings Black XL / W37,fitness,0,84.99
3608419195613,2433484,Women's Cardio Fitness T-Shirt Navy Blue 2XS,fitness,0,22.99
3608419208948,2518641,920 Women's & Jacket Gray XS,fitness,0,84.99
3608419076660,2904238,Women's Cardio Fitness T-Shirt XS,fitness,0,22.99
3608419085945,2770227,Active - Fitness T-Shirt White 3XL,fitness,0,22.99
3608419000429,2925691,Fitness One Size,fitness,0,22.99
3583788243847,2307484,PW 540 Kids Fitness Black,fitness,0,34.99
3608419048001,2944528,Women's Fitness T-Shirt FTS 120 - Green M_L,fitness,0,7.49
3583788337966,2101428,Soft 140 Kids Fitness - Pink/ Fluo green,fitness,0,7.49
3608419212976,2528597,Women's T-Shirt Gray S,fitness,0,22.99
3608419203776,2529285,500 Cross-Training Leggings Black 2XL / W41,fitness,0,34.99
3608419338164,2169793,500 Cross-Training T-Shirt - Black/Blue,fitness,0,34.99
3608419167689,2434420,500 Women's Cross-Training Shorts Y Green M,fitness,0,34.99
3608419167702,2434398,500 Women's Cross-Training T-Shirt Orange XS,fitness,0,34.99
3583788249078,2249572,HW 540 Men's Fitness,fitness,0,34.99
3583783901520,2390461,FPA 120 Fitness - Black Black L / W34,fitness,0,7.49
3608419386387,2082042,Comfort+ Womens Fitness Sports Bra - Mottled Grey BLUE GREY 36,fitness,0,22.99
3583788243427,2307562,PW 540 Kids Fitness,fitness,0,34.99
3608419306248,2181726,Womens Gym & Pilates Leggings - Mottled Grey BLACK XL / W38,fitness,0,22.99
3608418965941,4126311,"Strap, Purple One Size",fitness,0,22.99
3608418998666,4005552,900 Women's Fitness - Gray White S,fitness,0,84.99
3608419197457,2475032,100 Women's Fitness - Navy Blue Navy Blue M,fitness,0,7.49
3583788248064,2249999,HW 540 Women's Fitness,fitness,0,34.99
3608419229875,2529902,120 Women's Fitness Black M,fitness,0,7.49
3608419338676,2168571,900 & Blue W41,fitness,0,84.99
3608419072228,2911503,500 Women's & T-Shirt Pink XS,fitness,0,34.99
3608419075526,2708154,520 Women's & Jacket - Black Black XS,fitness,0,34.99
3608419332360,2173011,Breathe Women's Fitness - Pink,fitness,0,22.99
3608419018134,2961059,Gray Gray XL,fitness,0,22.99
3608418928397,4297852,900 Women's Fitness - Black White L,fitness,0,84.99
3583783898875,2747798,FSL 500 Women's Fitness Leggings - Black/ Black L / W33,fitness,0,34.99
3608419177626,2478999,500 Women's Fitness Pink S,fitness,0,34.99
3608419206593,2529028,500 Women's Cross-Training T-Shirt Pink L,fitness,0,34.99
3608419074390,2937562,510 Women's & T-Shirt - White Pink 3XL,fitness,0,34.99
3608419368819,2087823,Shorts Black XS,fitness,0,22.99
3608419345520,2111876,Comfort Womens Padded Fitness Sports Bra - Pink BLACK 40,fitness,0,22.99
3608419208931,2518643,920 Women's & Jacket Gray S,fitness,0,84.99
3583783966512,2960162,Women's Leggings - Blue L / W33,fitness,0,22.99
3608419336740,2170673,Energy Xtrem Cardio Fitness T-Shirt - Blue Lime yellow L,fitness,0,22.99
3583783852525,2610688,520 Women's & - Black Black XL / W35,fitness,0,34.99
3608419018622,4043355,Women's T-Shirt Blue L,fitness,0,22.99
3608419302097,2184305,Strong 100 Cross-Training - / Fluo yellow,fitness,0,7.49
3583788497219,665607,Women's Fitness Socks 195,fitness,0,7.49
3608419257038,2345988,Leggings Black W28,fitness,0,22.99
3583788306467,2180083,Soft 140 Kids Fitness Blue,fitness,0,7.49
3608419043785,2908332,500 Women's & - White White L,fitness,0,34.99
3583788060819,2543149,PW 540 Women's Fitness - Black Black,fitness,0,34.99
3608419298963,2185845,Women's Gym and Pilates T-Shirt - Gray Galaxy blue,fitness,0,22.99
3608419108927,2756954,Women's T-Shirt - Black Black S,fitness,0,22.99
3608419163049,2454324,560 Women's & Leggings - Black Black S / W28,fitness,0,34.99
3583788622031,1826521,FIT 5 Women's Fitness - Gray/Blue,fitness,0,22.99
3583788224099,2346877,140 Kids Fitness Blue Gray,fitness,0,7.49
3608418933605,2887151,520 Women's & Leggings 7/8 - Black Black XS / W26,fitness,0,34.99
3608419336924,2170663,Fitness Cardio Shorts - Black Abyss grey,fitness,0,22.99
3608418958929,4154298,Short Sleeve T-Shirt - Black/Gray Blue M,fitness,0,22.99
3608419024180,2386977,Long Sleeve T-Shirt Black 2XL,fitness,0,22.99
3608419125726,2723730,100 Women's & Pink 2XL,fitness,0,7.49
3608419601596,1801233,500 Women's & Black S,fitness,0,34.99
3608419170443,2511659,500 & 3XL,fitness,0,34.99
3608419167658,2434421,500 Women's Cross-Training Shorts Y Green S,fitness,0,34.99
3608419258431,2344442,Warm Zip-Up Gym Jacket Blue 8Y,fitness,0,22.99
3583788346913,2088631,Protect 560 Kids Fitness Blue,fitness,0,34.99
3608419095777,2766482,FTS 120 Fitness T-Shirt - Blue M,fitness,0,7.49
3608418931762,4303292,120 Women's Fitness 7/8 Leggings - Black Gray M / W30,fitness,0,7.49
3608419113310,2759380,520 Women's & T-Shirt - Blue Blue L,fitness,0,34.99
3583788311867,2172103,Soft 180 Strap Men's Fitness Blue,fitness,0,7.49
3583783966055,2767127,Women's Shorts - Black/ Gray Black XXL 44/46,fitness,0,22.99
3608419147797,2464482,120 Women's Fitness Shoes - Black Black,fitness,0,7.49
3608419212983,2528598,Women's T-Shirt Gray M,fitness,0,22.99
3608419018158,2961057,Gray Gray M,fitness,0,22.99
3583788243342,2307514,PW 540 Kids Fitness Blue,fitness,0,34.99
3583788243816,2307487,PW 540 Kids Fitness Black,fitness,0,34.99
3608419275186,2313490,Xtrem Cardio Fitness Shorts - Black,fitness,0,22.99
3583788306900,2179914,Soft 140 Kids Fitness Pink,fitness,0,7.49
3608419070255,2943942,500 Women's & T-Shirt Blue L,fitness,0,34.99
3583788204220,2547704,PW 500 Kids Fitness,fitness,0,34.99
3608419258417,2344445,Warm Zip-Up Gym Jacket Blue 14Y,fitness,0,22.99
3608419346770,2111054,Leggings - Black/Gray,fitness,0,22.99
3608419169911,2485645,560 & - Gray Gray 2XL / W41,fitness,0,34.99
3608419289329,2238445,500 Cross-Training Shorts - Blue,fitness,0,34.99
3583788085904,2543054,PW 140 Women's Fitness - White Black,fitness,0,7.49
3583783996052,2981203,Women's 7/8 Leggings 510 - Black/ Black XS / W26,fitness,0,34.99
3583788346609,2088650,580 Kids Fitness,fitness,0,34.99
3583783806399,2454337,560 Women's & 7/8 Leggings - Black Black M / W30,fitness,0,34.99
3608419010701,2878037,Women's Fitness FBRA 520 - Navy Blue Blue S,fitness,0,34.99
3608419043686,2908335,500 Women's & - White White XL,fitness,0,34.99
3583787925591,2902453,PW 120 Men's Fitness - Blue/White Black,fitness,0,7.49
3583788248576,2249672,HW 100 Men's Fitness Black,fitness,0,7.49
3608419114829,2610573,520 Women's & Leggings - Black/Beige Black 2XL / W38,fitness,0,34.99
3608419200904,2524580,900 Women's Fitness 7/8 Leggings Black W33,fitness,0,84.99
3608419308655,2180845,Womens Gym & Pilates Leggings - Mottled Grey BLUE GREY XL / W38,fitness,0,22.99
3583788204336,2547649,PW 500 Kids Fitness Gray,fitness,0,34.99
3608419308600,2180854,Fitness T-Shirt Blue L,fitness,0,22.99
3608419844153,1452013,My Top Fitness - Black,fitness,0,22.99
3608419088502,2695483,"TROUSERS 100 REGULAR GYM MEN BLUE 41"" /",fitness,0,7.49
3608419212747,2528691,Women's Black M,fitness,0,22.99
3608418997485,2699325,500 Men's Fitness Shorts XL,fitness,0,34.99
3608419152975,2432305,500 Cross-Training Shorts Black XL,fitness,0,34.99
3583783970601,2960450,Leggings - Blue M / W30,fitness,0,22.99
3608419119350,2381266,Active - Fitness T-Shirt Blue 3XL,fitness,0,22.99
3583788104537,2476724,PW 160 Breasy Women's Fitness - Black,fitness,0,7.49
3608419206487,2529289,500 Cross-Training Leggings - Black/Red Navy blue S / W30,fitness,0,34.99
3608419360295,2092580,Fit+ Women's Gym & Pilates Black M,fitness,0,22.99
3608419108880,2756949,Women's T-Shirt - Black Black 2XS,fitness,0,22.99
3608419084788,2747301,900 Women's Fitness Fitness Leggings - Black Black S / W28,fitness,0,84.99
3608419119923,2464360,100 & - Gray Gray XL,fitness,0,7.49
3608419182279,2478814,500 Fitness T-Shirt Coral Pink S,fitness,0,34.99
3608419015140,2890866,Women's Leggings - Black/Gray Gray XS / W26,fitness,0,22.99
3608419012705,4095907,Women's Fitness T-Shirt FTS500 - Black M,fitness,0,34.99
3608419190236,2458820,FST120 Fitness Shorts Gray M,fitness,0,7.49
3583784074230,4123666,Women's Fitness T-Shirt FTS 120 - Green White 2XS,fitness,0,7.49
3583783900929,2727918,510 Women's & Leggings - Blue/Pink Navy Blue 2XL / W38,fitness,0,34.99
3608419222586,2511609,500 & Black 2XL,fitness,0,34.99
3583783970038,2960340,Women's Leggings - Black Black S / W28,fitness,0,22.99
3608419255980,2346096,"Trousers?520 Regular Gym black, W32",fitness,0,34.99
3608419344271,2112992,Shape Booster Womens Cellulite-Reducing Fitness Cropped Bottoms - Black BLACK 2XS / W26,fitness,0,22.99
3608419002904,4150903,Women's & T-Shirt 500 - Black Blue XS,fitness,0,34.99
3608418963510,4062478,FSL 500 Women's Fitness Leggings - Black/ Navy Blue M / W30,fitness,0,34.99
3608419298710,2185893,Fit+ Womens Slim-Fit Gym and Pilates Leggings - Black BLACK M / W33,fitness,0,22.99
3608390775545,5057058,"BACKPACK MH100 KID 5L MINT PRIN, No Size",hiking,0,7.49
3608439453694,2561721,Hike 500 Jacket Pink 3Y,hiking,0,34.99
3583784752039,4747580,"MODUL PANTS MH500 W B, / (L29)",hiking,0,34.99
3608439447518,2555470,MH100 Women's T-Shirt Pink S,hiking,0,7.49
3608439340949,4022263,500 3-in-1 Girls Waterproof Hiking Jacket Gray 3Y,hiking,0,34.99
3608439394409,2732365,MH100 Girls T-Shirt - Pink Pink 89-95cm 2-3Y,hiking,0,7.49
3608439431739,2476800,Arpenaz 100 Men's S,hiking,0,7.49
3608439517044,2187630,Forclaz 30L Women's Backpack Gray 30L,hiking,0,29.99
3608439521546,2184104,TechFRESH 50 Men's Hiking Short Sleeve T-Shirt Orange L,hiking,0,29.99
3608439316722,4234183,Socks Hike 500 High Bl,hiking,0,34.99
3608439325939,4196048,MH500 Women's Hiking Short Sleeve T-Shirt Gray Pink M,hiking,0,34.99
3608439510069,2191462,Forclaz 500 Men's Waterproof,hiking,0,34.99
3608439320910,4083892,Mens NH500 Regular off-road hiking trousers Gray XL(L34),hiking,0,34.99
3608439492808,2223092,Forclaz 100 Adjustable Men's – Green Brick red,hiking,0,7.49
3608439517129,2187594,Arpenaz 100 Mens hiking shorts L-XL,hiking,0,7.49
3608439639944,602293,Forclaz 100 Women's Hiking Gray Pewter,hiking,0,7.49
3608439539213,2120801,Hike 100 Warm Waterproof Hiking Girls Jacket - Mottled blue Fluo pale peach AGE 6,hiking,0,7.49
3608439395222,2760421,TechTIL 100 Short-Sleeved Hiking T-Shirt Blue S,hiking,0,7.49
3608439445026,2422563,TREK 700 Men's Trekking Y L (L34),hiking,0,59.99
3583788047155,2466413,Travel100 Women's Trekking - Blue XS,hiking,0,7.49
3608439498299,2202968,Arpenaz 100 Men's Hiking Waterproof Jacket - / Burnt orange,hiking,0,7.49
3608439320514,4225087,Boys Jacket MH500 Blue 161-172cm14-15Y,hiking,0,34.99
3608439400995,2552124,Techfresh 50 Womens Long-sleeved Hiking T-Shirt Black S,hiking,0,29.99
3608439435652,2560815,TREK 100 Women's Trekking Jacket Gray M,hiking,0,7.49
3608439566806,2034313,Arpenaz 100 Womens Blue,hiking,0,7.49
3608439611445,886628,Arpenaz 1000 Men's Trekking Gray L,hiking,0,29.99
3608439421297,2480596,Junior SH100 warm grey snow hiking jacket Blue 10Y,hiking,0,7.49
3608393015945,5551326,"FLEECE MH500 1/2 ZIP BEIGE M, L",hiking,0,34.99
3608439393204,2711380,MH500 Helium Jacket - Green M,hiking,0,34.99
3608439614750,881045,Forclaz 900 Women's Jacket - Black Black XS,hiking,0,89.99
3583783978676,4104685,Men's Trekking Trek 100 CBG Black XL,hiking,0,7.49
3608439456862,2556116,Women's MH500 Waterproof Jacket Black S,hiking,0,34.99
3608439505508,2193791,Mens Arpenaz 100 Hiking Cropped Trousers Gray M-L/32-33.5inch,hiking,0,7.49
3608439328930,4227275,TechTIL 100 Short-Sleeved Hiking T-Shirt M,hiking,0,7.49
3608439726965,1799403,Forclaz 900 Hiking Cap - Gray Pewter 58cm,hiking,0,89.99
3608439374920,2728609,SHOES MH100 MID WP M BLA,hiking,0,7.49
3608439309915,4291876,SHOES TW BOY MH100 CN,hiking,0,7.49
3583783853034,2565251,Trek 700 Women's Trekking Gray 14 (L29),hiking,0,59.99
3583783910126,2566979,Trek 100 Trekking Gloves - Black Black XS,hiking,0,7.49
3608392245800,5356552,"PTS MH500 LGT W SLA, - [L31]",hiking,0,34.99
3608439623950,672194,Arpenaz 50 Kids Socks 2 Y Blue 165,hiking,0,7.49
3608439375354,2879245,MH100 Women's - Blue Pink XS,hiking,0,7.49
3608439515064,2188614,Forclaz 10/15° Lightweight // - Blue Navy blue,hiking,0,29.99
3608439669002,373127,Forclaz 50 Men's Shorts - Blue Pewter,hiking,0,29.99
3608439437717,2560920,Rainwarm 500 3in1 Men's Trekking Jacket Gray 2XL,hiking,0,34.99
3608439406645,2486776,TechFRESH 50 Men's Hiking Short Sleeve T-Shirt 3XL,hiking,0,29.99
3608392475733,5449803,"LONG SHORTS MH500 BLACK,"" /",hiking,0,34.99
3608439322846,4224834,Techtil 100 Womens Nature Hiking T-shirt M,hiking,0,7.49
3583783974913,2731944,Men's Trekking Trek 100 CBG Black XL(L34),hiking,0,7.49
3608439395376,2712115,"JKT MH100 NAVY KID, 103-122cm 4-6Y",hiking,0,7.49
3608439469817,2368104,ARP 100 Men's Trekking Navy Blue XL,hiking,0,7.49
3608439505157,2194240,Arpenaz 100 Women's Hiking Waterproof Jacket - Pink/ Pink Pale yellow,hiking,0,7.49
3583784238908,4409555,"FLEECE MH500 ZIP LIGHT BE, L (Chest 39"")",hiking,0,34.99
3608390590810,5044790,"LS T SHIRT MH500 W BEIGE, / EU S",hiking,0,34.99
3608439417702,2661639,Hike 200 Girls Hiking Fleece Jacket Pink 5Y,hiking,0,14.99
3608439548987,2114509,Techwool 190 Women's Trekking T-Shirt - Black Gray XL,hiking,0,7.49
3608439327957,4225018,Boys Hike 500 hiking T-shirt 161-172cm14-15Y,hiking,0,34.99
3608439467165,2556832,ARPENAZ 0° Blue L,hiking,0,29.99
3608439525421,2142731,"PANTS FLEECE MH100 KID NAVY, AGE 3",hiking,0,7.49
3608439410413,2695504,HIKE 900 Blue 235,hiking,0,89.99
3608439364709,2956338,"SHORT MH500 TW Boy MATUM, 123-130CM 7-8Y",hiking,0,34.99
3608439376405,2955586,MH100 Kids 7-15Y - Gray Green 131-140cm 8-9Y,hiking,0,7.49
3583788411123,2013644,Binoculars x8 Kids Hiking ( ) Orange,hiking,0,29.99
3583783858220,2715553,MH500 Men's Waterproof - Black Black XL (L32),hiking,0,34.99
3608439393181,2711381,MH500 Helium Jacket - Green S,hiking,0,34.99
3608439507663,2192644,Arpenaz 120 Men's Sandals Navy Blue,hiking,0,7.49
3608439356896,2892130,Boys Jacket MH500 Yellow 141-150cm10-11Y,hiking,0,34.99
3583783853621,2564848,Mens dark grey TREK 500 mountain trekking convertible trousers Gray L (L31),hiking,0,34.99
3608439574535,2023289,Arpenaz 50 Men's Gray XL-2XL,hiking,0,29.99
3608439456497,2565845,MH100 Men's Shorts - Gray Gray 2XL-3XL,hiking,0,7.49
3608439456589,2565840,MH100 Men's Hiking Shorts Gray L,hiking,0,7.49
3608439614132,881561,Forclaz 500 Men's Black XL,hiking,0,34.99
3583788336273,2102907,Children Hiking Binoculars x8 Magnification No Adjustment - Blue LIGHT BLUE Unique size,hiking,0,29.99
3608439499036,2198421,Arpenaz 500 Men's Gray,hiking,0,34.99
3583788046752,2486924,Travel100 Women's Trekking Jacket - Blue L,hiking,0,7.49
3608439507809,2192636,Hike 100 Boys Hiking Sandals Blue 145,hiking,0,7.49
3608439326257,2717511,MH500 Women's Hiking Short Sleeve T-Shirt Gray 2XL,hiking,0,34.99
3608439387340,2733601,Hike 500 Junior Jacket Blue 161-172cm14-15Y,hiking,0,34.99
3608439400957,2552120,Techfresh 50 Womens Long-sleeved Hiking T-Shirt Black 2XL,hiking,0,29.99
3608390589562,5044637,"T SHIRT MH500 W BEIGE, / EU S",hiking,0,34.99
3608439400711,2661985,Hike 900 Boys Blue 123-130cm 7-8Y,hiking,0,89.99
3608439636196,614646,FORCLAZ 40 Junior Backpack,hiking,0,29.99
3608439283000,4236871,Shoes MH500 Mid WTP MID M,hiking,0,34.99
3608439498121,2202985,Arpenaz 300 Women's Waterproof Jacket - Gray Aqua,hiking,0,22.99
3608439433955,2563439,Hike 500 Junior Girls Vest Blue 12Y,hiking,0,34.99
3608439228223,4569170,"TS MH500 MEN BEIGE, 2XL",hiking,0,34.99
3608439464621,2565113,Trek 700 Women's Trekking Gray 8 (L31),hiking,0,59.99
3608439536694,2122665,Forclaz 200 Childrens D BLUE AGE 12,hiking,0,14.99
3583788171683,2475171,Trek 100 Women's Trekking Shorts Beige L,hiking,0,7.49
3608439393488,2711161,MH500 Helium Jacket - Gray XL,hiking,0,34.99
3608439375866,2952503,MH100 2-6Y CN - Navy Blue 103-112cm 4-5Y,hiking,0,7.49
3608439506857,2193005,Hike 900 Boys Black Iced coffee,hiking,0,89.99
3583783996373,4155170,Women's MH100 - 2XL,hiking,0,7.49
3583787768495,4075867,TREK 700 Men's Trekking M (L33),hiking,0,59.99
3608439763113,1717446,Forclaz 600 Men's Black S,hiking,0,49.99
3608439399664,2652352,Hike 900 Boys Gray 113-121cm 5-6Y,hiking,0,89.99
3608439765063,1716975,Rainwarm 100 3in1 Women's Trekking Jacket - Pink Lunar grey,hiking,0,7.49
3608439377341,2955591,Forclaz 200 Childrens D Blue 131-140cm 8-9Y,hiking,0,14.99
3608439319259,4196023,MH100 Women's T-Shirt Purple L,hiking,0,7.49
3608393483461,5682572,"MH500 LIGHT ""FASTER"" M",hiking,0,34.99
3583784902120,5115798,"CN 520 SOFT LEGGING, / XL(L29)",apparel,0,29.99
3583788214083,2360897,Keepdry 100 Kids Breathable Long Sleeve Base Layer Black 6Y,apparel,0,6.49
3608459689776,2025248,100 Women's Long Sleeve Y T-Shirt - Blue Snow white,apparel,0,6.49
3608418990349,2982402,Men's T-Shirt 520 - Green/Black Gray L,apparel,0,29.99
3583788182788,2536251,PL500 Women's Short Sleeve - Gray/ Gray L,apparel,0,29.99
3583788161226,2428307,CN TS ANTI UV-9 T-Shirt - White Gray White S,apparel,0,18.99
3608429757672,2615229,Men's Shorts Blue 2XL,apparel,0,18.99
3583784896887,5115790,"CN 520 SOFT LEGGING, / XS (L28)",apparel,0,29.99
3608439317095,4290256,NH500 Men's Shorts XL,apparel,0,29.99
3583788050483,2460157,Women's Short Sleeve T-Shirt Gray XS,apparel,0,18.99
3583788311782,2172194,Keepdry 100 T-Shirt - Black,apparel,0,6.49
3583787825464,4025632,Men's Shorts White XL-2XL,apparel,0,18.99
3608459653340,2131422,Hendaia Shorts XL,apparel,0,18.99
3583787774571,4035909,50 Women's T-Shirt Black M,apparel,0,18.99
3583787193303,4591093,"T-SHIRT 520 LOOSE Black M, XL",apparel,0,29.99
3583788386971,2035903,Keepdry 100 T-Shirt - Black Caribbean blue,apparel,0,6.49
3608439479472,2357123,X-Warm Kids Vest Gray 4Y,apparel,0,18.99
3608429804925,2506462,+ Men's T-Shirt Black S,apparel,0,18.99
3608419233025,2509759,Junior Girls 560 T-Shirt Pink 12Y,apparel,0,29.99
3608459652183,2177704,100 Men's Short Sleeve Blue L,apparel,0,6.49
3583787984055,2523994,Kids Vest (25~35kg) - Blue/Green Blue 2XS,apparel,0,18.99
3583788515203,595259,BLACK POLO 100 Women's T-Shirt - Black Light lavender blue,apparel,0,6.49
3608459643075,2190586,Hendaia Men's Shorts - Green,apparel,0,18.99
3608439737794,1787724,Techfresh 50 Women's Short Sleeve T-Shirt - Blue Midnight indigo,apparel,0,18.99
3608459687680,2027615,Kids Long Sleeve UV T-Shirt Blue 8Y,apparel,0,18.99
3608429801146,2505558,Men's Short Sleeve T-Shirt Gray L,apparel,0,18.99
3583787630495,4022035,990 Men's T-Shirt Blue L,apparel,0,74.99
3608419237955,2512330,500 Junior Boys T-Shirt Blue 6Y,apparel,0,29.99
3608429645986,4871310,"JACKET WARM 100 BLACK N07A, L",apparel,0,6.49
3608419208450,2511070,"Active Women's , Short Sleeve T-Shirt 2XS",apparel,0,18.99
3608419305067,2182715,Muscle 500 T-Shirt AOP - Celtic Cherry red S,apparel,0,29.99
3608459621035,2214378,Infant Short Sleeve UV T-Shirt Blue 3Y,apparel,0,18.99
3583783902244,2906431,100 Boys Short Sleeve T-Shirt - White White 113-122cm 5-6Y,apparel,0,6.49
3608459683088,2028805,Dry 500 Men's T-Shirt Blue 3XL,apparel,0,29.99
3608449841368,2878633,FREE 300 LOCK & WALK BOYS SKI PANTS Blue 10Y,apparel,0,19.99
3608459627525,2198662,100 Men's UV Short Sleeve - Black Gray Galaxy blue,apparel,0,6.49
3608459622056,2210423,Infant UV T-Shirt Y - Blue Bright pink,apparel,0,18.99
3608439321375,2893013,NH500 Men's T-Shirt - 3XL,apparel,0,29.99
3608429758167,2615137,Men's T-Shirt Blue M,apparel,0,18.99
3608393509376,5550842,"HYDRATION VEST RACE 900 3L SS26 WHITE, S",apparel,0,74.99
3608459557044,2454185,100 Men's Y Long Sleeve T-Shirt - Gray Gray M,apparel,0,6.49
3608409842763,4072181,"RAIN JACKET 120 W YELLOW PPE, M",apparel,0,6.49
3583787766552,2923654,100 Men's Shorts Blue 2XL,apparel,0,6.49
3583787999769,2626081,Men's Vest Gray L,apparel,0,18.99
3608429738121,2764318,AT100 Kids T-Shirt White 141-150cm10-11Y,apparel,0,6.49
3608419184730,2392650,Women's T-Shirt Black L-XL/100-103inch,apparel,0,6.49
3608390492398,4984798,"T-SHIRT NH100 M SMOKED BLACK, L",apparel,0,6.49
3608419236712,2513445,100 Junior Boys T-Shirt Blue 6Y,apparel,0,6.49
3608459578339,2547139,500 Shorts - Gray Black 2XL,apparel,0,29.99
3608419204872,2514003,500 T-Shirt 2Y,apparel,0,29.99
3608429718628,2943023,SS Women's T-Shirt Gray L,apparel,0,18.99
3608419038279,2880773,Men's T-Shirt 500 - Red Gray L,apparel,0,29.99
3608429756316,2434603,Women's T-Shirt - Coral Coral Pink S,apparel,0,18.99
3583787597941,4248505,CN TRAVEL 100 long shirt Khaki L,apparel,0,6.49
3608459689806,2025247,100 Women's Long Sleeve Y T-Shirt - Blue Snow white,apparel,0,6.49
3608429757863,2615227,Men's Shorts Black XL,apparel,0,18.99
3608439290107,4448195,"Jacket MH150 MEN BEIGE, XL",apparel,0,6.49
3608459588307,2547003,500 Shorts - Green Green 14Y,apparel,0,29.99
3608459601433,2543859,500 Kids Long Sleeve UV T-Shirt - Blue Petrol blue 12Y,apparel,0,29.99
3583783806764,2455320,FIT+ 500 Women's Leggings Gray S / W28,apparel,0,29.99
3608439529955,2129225,X-Warm Kids Vest Pink 4Y,apparel,0,18.99
3608399845287,2685333,530 Men's T-Shirt - Black Yellow Blue M,apparel,0,29.99
3608429690689,4181478,AT100 Kids Shorts - Blue/Pink Navy Blue 141-150cm10-11Y,apparel,0,6.49
3608419236781,2513451,100 Junior Boys T-Shirt Red 6Y,apparel,0,6.49
3583788409311,2015345,Women's T-Shirt 500 Pink XS,apparel,0,29.99
3608419204926,2514009,500 T-Shirt Magenta 18,apparel,0,29.99
3583787675700,4076086,Women's Short Sleeve T-Shirt Coral S,apparel,0,18.99
3608419148510,2606362,T-Shirt - Black Black 2XL,apparel,0,18.99
3608459578100,2490015,100 Men's Shorts Yellow M,apparel,0,6.49
3608459632147,2194839,100 Men's UV Short Sleeve - Black Gray,apparel,0,6.49
3583788399308,2019129,GL100 Vest Black M,apparel,0,6.49
3608399843856,2687733,560 Women's T-Shirt - Navy Pink Navy Blue 2XS,apparel,0,29.99
3583787541364,4293967,"T-Shirt LS Regular 100 Gr, M (Chest 37"")",apparel,0,6.49
3608419234084,2513791,Junior Girls 500 T-Shirt Gray 14Y,apparel,0,29.99
3583788387015,2035901,Keepdry 100 T-Shirt - Black Caribbean blue,apparel,0,6.49
3583788631972,1799396,Men's T-Shirt 100 - Blue,apparel,0,6.49
3608439358746,2735104,Women's T-Shirt NH500 Gray M,apparel,0,29.99
3608429695677,4167428,T-Shirt Short Sleeve + Women's T-Shirt Blue XS,apparel,0,18.99
3583783971325,2951875,Women's T-Shirt - Black XL,apparel,0,18.99
3608418986014,2981426,Women's Leggings 510 - Gray Gray L / W33,apparel,0,29.99
3583788352105,2085304,Protect 540 mens active walking shoes - blue Galaxy blue,footwear,0,49.99
3608439553196,2094207,SHOES WARM SH100 MID,footwear,0,10.99
3583788417019,2008569,100 Kids Boots,footwear,0,10.99
3583787670255,4248767,Vulca Canvas Adult Skateboarding Longboarding Low-rise Shoes Blue,footwear,0,34.99
3608390642144,5011644,"Aquashoes 120 Ki, UK C11.5-12",footwear,0,10.99
3583787716113,4181064,Men's Sandals Black,footwear,0,34.99
3608439344480,2951929,BOOTS WARM SH100 HIGH ZIP,footwear,0,10.99
3608459580387,2547886,ARREETA Junior Boys Shoes,footwear,0,34.99
3608459605615,2379643,500 Men's Shoes,footwear,0,49.99
3608439225178,4914932,SANDAL NH900 W WHITE,footwear,0,119.99
3608439418396,2419649,SH500 X- Men's Boots Gray,footwear,0,49.99
3608439319693,4291831,MH150 Kids Sandals 175~ 240,footwear,0,10.99
3608429732389,2953314,Shoes Boys Shoes - Black Gray Red Pink,footwear,0,34.99
3608439419805,2495045,SH500 X- Women's Shoes Blue,footwear,0,49.99
3608419092844,2655964,Shoes,footwear,0,34.99
3583788827184,1474139,Classic Horse Riding Boots Black,footwear,0,34.99
3608459942185,1450764,100 M Men's Shoes - Black,footwear,0,10.99
3583787625262,4188829,550 Women's Sandals Blue 220,footwear,0,49.99
3583788424529,2000808,Actiwalk 520 childrens walking and school sports shoes LIGHT GREY,footwear,0,49.99
3583788008149,2663629,Boots 500 - Black Black CS,footwear,0,49.99
3583787196403,4857817,"AQUASHOES BABY GREEN, UK C8-9",footwear,0,34.99
3608439419911,2494957,SH500 Women's X- Boots,footwear,0,49.99
3583787647288,2755878,BS 190 Men's Shoes Blue,footwear,0,10.99
3608399874409,2344676,BS800 Lady Badminton Shoes White,footwear,0,99.99
3608459607688,2362401,100 Men's Shoes Blue,footwear,0,10.99
3583787647240,2755883,BS 190 Men's Shoes Blue,footwear,0,10.99
3608390883547,5115203,WARM SHOES NH100 MID BLU,footwear,0,10.99
3608439403194,2648477,NH500 Women's Waterproof Boots - Beige,footwear,0,49.99
3608439493836,2216933,NH500 JR Sandals Blue Gray 225,footwear,0,49.99
3608439442346,2554061,NH100 JR MID Waterproof Shoes Gray,footwear,0,10.99
3608439331848,4126990,NH300 Women's Waterproof Boots Gray,footwear,0,29.99
3608439553530,2094141,SH500 Men's Waterproof Shoes,footwear,0,49.99
3583780416034,37428,Boots Black mmEU,footwear,0,34.99
3583788099079,2536469,500 Boots Black,footwear,0,49.99
3608429736233,2945364,ACTIVE GRIP M SHOES GREEN,footwear,0,34.99
3583787679647,4104760,Babys shoes for water Aquashoes 100 - turquoise Blue 135,footwear,0,10.99
3583787660317,4272639,Women's Sandals Blue,footwear,0,34.99
3608439464140,2567051,FH500 Helium Men's Shoes - Black Black,footwear,0,49.99
3608459813126,1818428,100 M Men's Shoes - Black,footwear,0,10.99
3583788449232,861826,Agility 500 AG Adult Football Artificial Grass Boots - Blue BLUE,footwear,0,49.99
3583788299318,2186341,Training 700 Lace-Up Adult Horse Riding Jodhpur Boots Black,footwear,0,84.99
3608459877494,1618702,S 500 Mens Sandals 240,footwear,0,49.99
3583788204770,2392289,100 1.5 mm Boots Black 225,footwear,0,10.99
3608439345128,2713553,SHOES WARM SH500 MID M,footwear,0,49.99
3608419498776,566285,Shoes Pink,footwear,0,34.99
3608439418303,2493768,SH500 X- Men's Boots Blue,footwear,0,49.99
3608439379161,2940239,SH500 Waterproof Boots Navy Blue,footwear,0,49.99
3608449879774,2357902,900 - Men's Boots Gray,footwear,0,119.99
3608439479175,2357132,SH500 Waterproof Shoes Blue,footwear,0,49.99
3608390212552,4667382,Aquashoes 120 Ad Lagun,footwear,0,10.99
3608439379024,2941116,SH900 Women's Waterproof Boots,footwear,0,119.99
3608439403453,2648230,NH500 Women's Navy Blue,footwear,0,49.99
3608390883561,5115205,WARM SHOES NH100 MID BL,footwear,0,10.99
3608439541285,2118318,SH100 Waterproof Boots,footwear,0,10.99
3608449878616,2358612,"Ski Boots Bag 100 black, ADULT",footwear,0,10.99
3608399905929,2006477,BS710 Lady Badminton Shoes - Coral Pale grey,footwear,0,84.99
3608439460555,2562738,NH300 Women's Waterproof Boots Blue,footwear,0,29.99
3608439418402,2419643,SH500 X- Men's Boots Gray,footwear,0,49.99
3608449879903,2357887,"Men's , / Boots SNB 100 - Black Black",footwear,0,10.99
3608399912743,1899998,BS710 Lady Badminton Shoes - Coral PINK,footwear,0,84.99
3608459575611,2549411,CN Noa Junior Girls Tankini Swimsuit Blue 4Y,swim,0,18.99
3583787979112,2689205,Riana Women's Swimsuit () S,swim,0,18.99
3583787763292,2527659,Leony Junior Girls Swimsuit Coral Pink 6Y,swim,0,18.99
3583788287551,2193602,Selfit L Swimming Goggles Blue ONE SIZE FITS ALL,swim,0,18.99
3608459575826,2549361,CN Noa Junior Girls Tankini Swimsuit 4Y,swim,0,18.99
3583788287131,2194334,NATASLAP Boys Swimming Sandals 135,swim,0,6.49
3583783799349,2535242,Loran Flo Women's Swimsuit Black XL/35.5-38inch,swim,0,18.99
3583788358152,2080274,SWIMY 20 Swimming Bag Gray Blue,swim,0,18.99
3583788375418,2048454,Riana Women's Swimsuit () Pink XS,swim,0,18.99
3583788130963,2458926,Riana Women's Swimsuit 10Y,swim,0,18.99
3583788260844,2228570,Loran Women's Tankini Swimsuit - Orni Black Black L-XL/33-35.5inch,swim,0,18.99
3583788135685,2525113,Infant Swimsuit() - Pink Pink 5Y,swim,0,18.99
3608459819494,1811432,SCD 100 2 mm Diving Black 2XS,swim,0,6.49
3583787748886,2908586,B-READY Shorts Black L-XL,swim,0,18.99
3583787809150,2934794,"Swimming L , Pimp White L",swim,0,18.99
3608459674420,2031832,Ines Women's Tankini Swimsuit - Black Black 36,swim,0,18.99
3583787252079,4832801,"INFLATABLE SWIMVEST JUNIOR ORAN, 19-30kg",swim,0,18.99
3583787984093,2686795,15~30kg Kids Swimming Belt One Size,swim,0,18.99
3583788011064,2626327,Women's Swimsuit ELENA DECIM Black KR: 75B,swim,0,18.99
3583788133544,2382426,Kaipearl Women's Swimsuit() L-XL,swim,0,18.99
3583787812433,2750834,Girls Swimsuit NBJI - Black Black 123-130cm 7-8Y,swim,0,6.49
3583788807711,1507409,100 Men's Swimsuit Gray M,swim,0,6.49
3583788779797,1538445,Men'sNATASAB Swimming - Blue/Green,swim,0,18.99
3583788258353,2231263,Baby Shorty Swimsuit 2Y,swim,0,18.99
3583787749876,4004032,Diving FRD 500 - Gray Gray One Size,swim,0,34.99
3583787976883,2706148,Girls Swimsuit 6Y,swim,0,18.99
3583788284017,2196944,Boys AQUADOTS Swimming Shoes 155,swim,0,6.49
3608459576090,2546515,Hanae Junior Girls Swimsuit Pink 8Y,swim,0,18.99
3583788131564,2464426,PICOLA SSP 100 Infant Swimming Sandals Pink,swim,0,6.49
3583788118039,2459803,Swimming Magenta L,swim,0,18.99
3583788392781,2027929,EASYDOW Swimming Goggles L Blue No Size,swim,0,18.99
3608459571224,2544971,Mae Women's Swimsuit - Pink 44 C,swim,0,18.99
3583787766972,2962500,100 PEP Boys Swimsuit 6Y,swim,0,6.49
3583788603764,75662,B-ACTIVE Men's Swimsuit Shorts Gray XL-2XL,swim,0,18.99
3583788135814,2459609,Titou Infant Swimsuit 2Y,swim,0,18.99
3583788296577,2187753,Xbase Swimming Goggles Yellow,swim,0,18.99
3583788269762,2226823,900 FIRST Boys Swimsuit Yellow 12Y,swim,0,79.99
3583788283720,2196974,Women's METASLAP SSP 500 Swimming Sandals - Pink Fuchsia 220,swim,0,34.99
3583787776070,2881329,Sue Womens One-Piece Dress Swimsuit with Removable Padded Cups Blue L,swim,0,18.99
3608459819821,1811263,Hanka SCD 100 3 mm Diving Boots Black 215,swim,0,6.49
3583788130949,2382514,Riana Women's Swimsuit 8Y,swim,0,18.99
3583788375722,2048424,Loran Womens One-Piece Shortcut Swimsuit - Navy Pink BLACK EU:40,swim,0,18.99
3583787896884,2909085,900 Boys Swimsuit Navy Blue 10Y,swim,0,79.99
3583788296416,2187782,Selfit Optical Lens Corrective Swimming Goggles Size S One Size,swim,0,18.99
3583787966747,2760074,100 Boys Swimsuit 123-130cm 7-8Y,swim,0,6.49
3583788074298,2470513,SWIMY 20 Swimming Bag Gray One Size,swim,0,18.99
3583787976012,2452093,Sue Womens One-Piece Dress Swimsuit with Removable Padded Cups Blue M,swim,0,18.99
3583788323150,2127099,Anna Womens Chlorine-Resistant One-Piece Aquabiking Swimsuit Black L-XL,swim,0,18.99
3583788156574,2532721,SNK 540 Diving Blue 240,swim,0,34.99
3583788131373,2382493,Riana Women's Swimsuit - Orange Fluo pink 12Y,swim,0,18.99
3608409862136,2666925,ST 500 Bike Gloves - Black/Blue Black S,cycling,0,39.99
3608409894380,2244674,Bike Pink,cycling,0,25.99
3608409920393,1844950,500 Bike Black,cycling,0,39.99
3608409908506,2080534,900 Waterproof Bike Bag - 25 L Gray No Size,cycling,0,99.99
3583788210627,2369711,"Play 5 Kids , , , Bike",cycling,0,25.99
3608409882813,2539341,Roadr 500 Gloves Red 2XL,cycling,0,39.99
3608409862020,2666921,ST 500 Bike Gloves - Black/Blue Black 2XL,cycling,0,39.99
3608409852076,2499709,Black Black 2XL,cycling,0,25.99
3608409897077,2218973,Tilt 500 - Mint Pale mint,cycling,0,39.99
3608409871213,2711957,RC 520 Navy Blue XL,cycling,0,39.99
3608393016171,5556612,"14” BIKE 500 B2B PINK CNFR, 14""",cycling,0,39.99
3583788495895,673983,ARENBERG & Sunglasses category 0,cycling,0,25.99
3608409912244,2021662,100 Bike 0.5L - Black Black No Size,cycling,0,7.99
3608409890658,2369944,Women's Long Sleeve Base Layer 500 - Black Coral Pink,cycling,0,39.99
3608409883384,2541009,500 Women's Short Sleeve Blue S,cycling,0,39.99
3608409846471,2665517,Black Black S,cycling,0,25.99
3608409882875,2539344,Roadr 500 Gloves - Black Fluo lime yellow S,cycling,0,39.99
3608409893949,2249137,"16"" BIKE 100 INUIT CN FR",cycling,0,7.99
3608409884411,2540875,500 Womens Cycling Bibless Shorts Black S,cycling,0,39.99
3608409901859,2171147,Dinosaur Childrens Bike Horn Yellow,cycling,0,25.99
3608409862259,2451749,XC MTB Gloves - Black Black M,cycling,0,25.99
3583788039884,2667169,ST500 Women's Bike - Navy Blue Navy Blue M,cycling,0,39.99
3608409858085,2499917,RC 100 Short Sleeve - Gray/Orange Navy Blue S,cycling,0,7.99
3608409879714,2430547,"500 14 Bike Blue 14""",cycling,0,39.99
3583787837535,2488421,ST 500 MTB Gray M,cycling,0,39.99
3608409928276,627683,300 Black,cycling,0,24.99
3608409863645,2654738,ST 100 MTB Gloves Red S,cycling,0,7.99
3608394575486,4438940,"MTB GLOVES EXPLORE 100, XS",cycling,0,7.99
3608409898487,2185013,RoadR 500 Red 57-62cm,cycling,0,39.99
3608409917355,2014253,100 Short Sleeve Black XL,cycling,0,7.99
3583787797792,2959091,Roadr 500 Gloves Red 2XL,cycling,0,39.99
3608409862112,2666923,ST 500 Bike Gloves - Black/Blue Black L,cycling,0,39.99
3608409880222,2541324,RoadR 100 Blue 56-60cm,cycling,0,7.99
3608409915474,2015174,500 Shorts - Black,cycling,0,39.99
3608409845405,2904668,500 Men's Bike Jacket White M,cycling,0,39.99
3583788024040,2697415,MTB XC - Red Red XL,cycling,0,25.99
3608409902085,2170686,Doctogirl Bike Gloves Yellow,cycling,0,25.99
3583787936221,2633519,RC500 Men's Jacket - Navy Blue Navy Blue S,cycling,0,39.99
3608409846440,2665515,Black Black L,cycling,0,25.99
3608409846341,2956717,RoadR 100 Navy Blue UNIQUE,cycling,0,7.99
3608409879684,2541662,Poply 300 24'' Bike,cycling,0,24.99
3608409857996,2498538,RC500 Bike Shorts Black XL,cycling,0,39.99
3608409913777,2016108,500 M 0.6L Black No Size,cycling,0,39.99
3608409899774,2181086,500 Jacket Yellow M,cycling,0,39.99
3608409846570,4010674,RCR520 Bike Shoes Black,cycling,0,39.99
3608409843647,4018521,Bike/ Bike One Size,cycling,0,25.99
3608393562807,5677556,"MTB GLOVES COMFORT, S",cycling,0,25.99
3608409901620,2175587,500 Gloves Red 12Y,cycling,0,39.99
3608409864765,2633021,900 Womens Cycling Bibless Event Shorts Black XL,cycling,0,99.99
3583787856765,2669001,"MTB WATER BAG ST 520 BLACK, No Size",cycling,0,39.99
3583787303993,4361589,"GLOVE MT 900 WINDPROOF GREY, XS",accessories,0,54.99
3608429655879,4755440,"5 PANEL CAP GREEN WHITE, No Size",accessories,0,11.99
3608390180080,4332366,"SKI GLOVES 500 SPORT BLACK, 2XL",accessories,0,22.99
3608429698692,4239492,"WATER BLADER 2 L BACK UP, 2L",accessories,0,11.99
3608419213621,2526578,500 Gloves Red 2XL,accessories,0,22.99
3608392175565,5154974,"GOALKEEPER GLOVES FIRST LEOPARD, 5",accessories,0,11.99
3608439231377,4531841,"SOCKS WARM SH100 HIGH AD, 8.5-11 - 43/46",accessories,0,4.49
3608429806424,2501262,Socks X2 Black 245,accessories,0,8.99
3608449870160,2366642,SKI SOCKS 500 Unisex Socks - Purple Orange 275,accessories,0,22.99
3583788496687,665647,Socks Navy Blue 220,accessories,0,8.99
3608391007430,5054511,"SKI SOCKS 500 Lilas, 2.5-4 - 35/37",accessories,0,22.99
3583787612613,4228774,"SOCKS ROADR 900 WHITE, 2.5-5 - 35/38",accessories,0,54.99
3608449844116,2729232,SKI SOCKS 500 NAVY,accessories,0,22.99
3608429724544,2920168,Cap White : : 51 - 63 cm Black 54-58cm,accessories,0,11.99
3583787208861,4697726,"RAIN CAPE 50 JUNIOR, No Size",accessories,0,11.99
3608419354539,2110033,Babylight Socks Blue,accessories,0,11.99
3583788167488,2537866,Kids Gloves White 8-10Y,accessories,0,11.99
3608399868897,2311928,RS 160 Junior Socks 3 Blue 175,accessories,0,4.49
3608449861205,2426324,Free 300 Mens Ski Gloves XS,accessories,0,13.99
3608449873468,2360960,Slide 100 Mens/Womens Downhill Ski Gloves Black L,accessories,0,4.49
3608399854753,2714978,RS 500 Kids Socks 3 - Blue/White 175,accessories,0,22.99
3608391008116,5148118,"SKI SOCKS 500 navy blue, 9.5-11 - 44/46",accessories,0,22.99
3608399868682,2146179,RS 500 Junior Socks 3 220,accessories,0,22.99
3608449855204,2572166,100 Gloves - Black M,accessories,0,4.49
3583788660996,26342,Socks 245,accessories,0,8.99
3583788575627,247229,Kipwarm Gloves - Black Black S,accessories,0,11.99
3583783812819,2573729,900 Socks Black 275,accessories,0,54.99
3583788276678,2218609,"500 Men's Gloves, White M",accessories,0,22.99
3608419305845,2181814,500 Gloves Blue 2XL,accessories,0,22.99
3583787960981,2902703,Y M 65 x 90 cm One Size,accessories,0,11.99
3583787790533,2934387,Y L 80 x 130 cm Blue One Size,accessories,0,4.49
3583784081726,4271281,BA 550 Gloves Navy Blue XS,accessories,0,22.99
3583787875551,2960714,BA 500 Kids Cap - Black Black UNIQUE,accessories,0,22.99
3608392525049,5465128,"CN SURF HAT DKG, L",accessories,0,11.99
3583784228497,4631213,"GLOVE MT 500 STRETCH BORDEAUX, S",accessories,0,22.99
3608449872447,2362054,"300 Unisex , Gloves Black M",accessories,0,13.99
3608399854586,2634619,RS 160 Junior Socks 3 White 175,accessories,0,4.49
3608399867159,2308199,RS 160 - Socks 3 Green 220,accessories,0,4.49
3583787380246,4343606,"BOXING GLOVES 500 ERGO WHITE, 12oz",accessories,0,22.99
3583788540151,525002,Escape Horse Riding Leather Saddle for Hacking FS,accessories,0,11.99
3608449844192,2729262,Kids Socks 500 - Navy Blue Blue 200,accessories,0,22.99
3608390019205,4119516,"SKI GLOVES 100 LIGHT BLACK, XS",accessories,0,4.49
3583787287026,4825584,"Lumbar Belt R500, 2",accessories,0,22.99
3608439592065,1846427,SH900 Socks Gray 275,accessories,0,54.99
3608390008582,2908987,Gloves 500 - Green 2XL,accessories,0,22.99
3608429706366,2906309,Gloves - Black Gray S,accessories,0,11.99
3608439523878,2162765,Kids Socks NH100 JR,accessories,0,4.49
3583787380222,4343608,"BOXING GLOVES 500 ERGO WHITE, 16oz",accessories,0,22.99
3608392973635,5555105,"LINER GLOVE MT500 MERINO WOOL BLACK, L",accessories,0,22.99
3608391022280,5156460,"SKI SOCKS 500 JR, UK C9-11.5",accessories,0,22.99
3583783813519,2463407,/ Gloves SNB MI 500 - Black 2XL,accessories,0,22.99
3608392525247,5465125,"CN SURF HAT DKG, M",accessories,0,11.99
3608449844253,2729255,"SKI SOCKS 500 JR, UK C10.5-12",accessories,0,22.99
3608449883139,2356463,900 Socks Black 280,accessories,0,54.99
3608429667766,4424754,"SMARTPHONE BELT BASICS PINK L07, No Size",accessories,0,11.99
3608392547621,5463207,"CN SURF JR HAT ROCKET, 6-8 Years",accessories,0,11.99
3608419354478,2110026,Babylight Socks Blue,accessories,0,11.99
3583788496861,665539,Socks - White,accessories,0,11.99
3608439523854,2162758,Kids Socks NH100 JR,accessories,0,4.49
3608449861519,2572487,P GL 100 Gloves Mint CN Magenta 6Y,accessories,0,4.49
3608399875895,2133792,Dry 500 Junior Jacket Black 12Y,team_sport,0,34.99
3608399848080,2139563,Women's BS 560 - Blue,team_sport,0,34.99
3583788197492,2408744,F500 Kids Shorts Gray 6Y,team_sport,0,34.99
3583788180470,2412788,Kids / . Blue 8Y,team_sport,0,22.99
3583788114291,2585559,Agility 500 HG,team_sport,0,34.99
3583788041214,2647497,/ Kids T-Shirt Gray 10Y,team_sport,0,22.99
3583788040231,2756114,Agility 500 HG Kids - Blue/Black Blue,team_sport,0,34.99
3583788252719,2243596,CLR 500 HG Kids Red,team_sport,0,34.99
3583787856543,2963926,First Kick 4 (8 ~ 12Y) Red 4,team_sport,0,22.99
3583788420354,2003404,300 5 Blue 5,team_sport,0,19.99
3583788045519,2654953,F500 - Yellow 2XL,team_sport,0,34.99
3583788038726,2589125,SC500 High - Black/ Black,team_sport,0,34.99
3583788212928,2363232,TP500 Women's Gray W35,team_sport,0,34.99
3583787874035,2732756,BR820 One Size,team_sport,0,64.99
3608399874690,2342960,Thermic 500 Women's Navy Blue W30,team_sport,0,34.99
3608399851400,2611879,Soft 500 Tennis Badminton Table Tennis Padel Squash T-Shirt L,team_sport,0,34.99
3583788228110,2342334,Agility 500 AG Blue,team_sport,0,34.99
3583787867730,2887643,CLR FG - White/Green,team_sport,0,22.99
3583788024880,2723656,SC500 Women's - Blue/Gray Blue,team_sport,0,34.99
3583788290247,2192033,F140 Support( Support ) Yellow S,team_sport,0,6.49
3583783763005,2133734,Dry 500 Junior Navy Blue 5Y,team_sport,0,34.99
3608399834205,2707473,TS110 White,team_sport,0,6.49
3608399870807,2143664,TS190 Black,team_sport,0,6.49
3583788172062,2413813,/ Kids T-Shirt 14Y,team_sport,0,22.99
3583788113980,2580573,CLR 500 FG Kids,team_sport,0,34.99
3608399874805,2131709,BR920V,team_sport,0,22.99
3583788054993,2662692,F 100 Kids Socks 155,team_sport,0,6.49
3583787930175,2938568,Agility 900 HG - White,team_sport,0,79.99
3583788016779,2663406,F500 Socks - Black Orange 285,team_sport,0,34.99
3608399875789,2133784,Dry 500 Junior Jacket Navy Blue 8Y,team_sport,0,34.99
3583788180685,2412769,Kids / . Black 10Y,team_sport,0,22.99
3583787783726,2968393,Kids Shorts F520 - Blue/ Navy Blue 151-160cm12-13Y,team_sport,0,34.99
3583787893739,2938336,Men's 500 - Gray,team_sport,0,34.99
3583788383680,2041880,Agility 500 AG Junior - Blue,team_sport,0,34.99
3583787852644,2918325,Agility 900 Pro HG Blue,team_sport,0,79.99
3608399878315,2141646,TS560 Kids - Blue/Black Black,team_sport,0,34.99
3608399872672,2372795,860 Kids T-Shirt Yellow 14Y,team_sport,0,64.99
3583788103325,2587988,Spider Lace Junior Boys/Girls - Blue/Yellow,team_sport,0,22.99
3608399899433,2081799,TS130 Kids,team_sport,0,6.49
3608399898702,2084570,BS800 White,team_sport,0,64.99
3583788094562,2585659,Agility 900 Pro HG Blue,team_sport,0,79.99
3583787771938,2951656,SH500 Junior Boys/Girls - Navy/Orange Black 10Y,team_sport,0,34.99
3583788105190,2588925,SC500 Mid - Blue/Yellow White,team_sport,0,34.99
3583788217213,2357525,First 100 HG Kids Black,team_sport,0,6.49
3608399859499,2609180,TR760 23 White One Size,team_sport,0,54.99
3583788097006,2463172,B300 Junior Shorts Black 6Y,team_sport,0,19.99
3583788117230,2585548,Agility 500 HG Black,team_sport,0,34.99
3583788067405,2625388,J500 Jacket - Navy/Yellow Blue 2XL,team_sport,0,34.99
3583788030591,2591163,SS500H Junior Boys/Girls - Blue Navy Blue,team_sport,0,22.99
3583788045502,2461443,F500 Socks Black 265,team_sport,0,34.99
3608392110191,5383223,KS900 SUPPORT M - Gree,protection,0,59.99
3608392900990,5532709,"Knee 120 ligth grey, 3",protection,0,4.99
3583788388883,2037023,Soft 300 Support Black 3,protection,0,15.99
3608419246056,2360364,Women's / Black L,protection,0,14.99
3583787728567,2978462,Support 100- Black Black 3,protection,0,4.99
3583787728963,4101868,Unisex Support 300 Black 3,protection,0,15.99
3583788495628,688811,Strong 700 Support Black 3,protection,0,39.99
3583787728161,4102021,Unisex Support 100 Black 2,protection,0,4.99
3583787279090,4833310,"*Knee P500 Neon Yellow, 2",protection,0,25.99
3583788053453,2591395,Compression Support 100 - Black Black 4,protection,0,4.99
3583784045452,4173959,20 Compression - Gray/Pink Gray S,protection,0,14.99
3608392772016,5514158,"Ankle support 500, 4",protection,0,25.99
3583788046301,2591416,Strong 100 Men's/Women's / Support - Black Black 1,protection,0,4.99
3583788494706,680466,Soft 300 Support Gray 2,protection,0,15.99
3583787279427,4823817,"*Ankle R100, 1",protection,0,4.99
3608392783296,5516270,"Wrist strap, No Size",protection,0,14.99
3608393147905,5205646,"Wrist support lifting glove, S",protection,0,14.99
3583787287064,4823047,"Knee P500 Black, 4",protection,0,25.99
3583788046257,2591398,Compression Support 500 - Black Gray 3,protection,0,25.99
3608429716563,2761327,20 Compression - Gray/Pink Gray S,protection,0,14.99
3608392785603,5516237,"Wrist 500, No Size",protection,0,25.99
3608392783975,5515992,"Knee 900, 3",protection,0,59.99
3583788389026,2037028,Mid 500 Support Black 4,protection,0,25.99
3608392899980,5532686,"Knee 120 pink, 1",protection,0,4.99
3583787286838,4825476,"Elbow P500, 1",protection,0,25.99
3583787279014,4833086,"*Ankle P500, 2",protection,0,25.99
3608393148049,5205815,"WINDOW CROP BRA MID SUPPORT, XL CD",protection,0,14.99
3608409901903,2171126,Kids / Support XXS Blue No Size,protection,0,14.99
3608392111211,4565607,KS900 SUPPORT W - White Pink,protection,0,59.99
3583783859838,2698421,Soft 300 Support Black 4,protection,0,15.99
3583787101605,4852750,"Frame Bag FB500 2.5L Black, No Size",bag_pack,0,34.99
3608439515477,2188368,Escape Men's Backpack 70L Gray 70L,bag_pack,0,25.99
3608409938879,333431,Reflective Strip Backpack - Yellow Yellow BLACK/YELLOW,bag_pack,0,25.99
3608390010752,2967728,"SLEEPING BAG MT 500 15° RED, M",bag_pack,0,34.99
3608449864794,2570869,Backpack - Blue Blue 23L,bag_pack,0,34.99
3608390344307,4521313,"TRAIL ULTRA BAG 15L SS25 NOIR, XL",bag_pack,0,25.99
3608429766636,2503236,ULTRATRAIL BAG 15L BLACK BRONZE,bag_pack,0,25.99
3583788554370,403309,CROSSHOLDALL POLE ROD M fishing pole bag No Size,bag_pack,0,25.99
3608390010097,2925151,"SLEEPING BAG MT 500 0° KAKI, XL",bag_pack,0,34.99
3608391588496,5214211,"SET MS DRY TOP Green NO BAG, M",bag_pack,0,25.99
3583788681168,1701988,Abeona 17L Backpack - Black,bag_pack,0,25.99
3583788523451,578092,30L Bag- Black,bag_pack,0,25.99
3583788846178,1454424,Sentier Horse Riding Small Hacking Saddle Bags No Size,bag_pack,0,25.99
3608439287855,4335206,"BACKPACK NH ESCAPE 500 32L KHAKI, 35L",bag_pack,0,34.99
3583788254010,2238286,Light Golf Stand Bag Black,bag_pack,0,25.99
3583787812785,2461380,Classic 17 L Backpack 15L,bag_pack,0,25.99
3608439392979,2663480,NH100 20 L Backpack Gray Pink 20L,bag_pack,0,7.49
3583787858721,2941541,"BAG 55L ESSENTIAL BLACK, 55L",bag_pack,0,25.99
3583787952733,2588058,Classic 17 L Backpack Black 15L,bag_pack,0,25.99
3608390988150,4895601,"SPORT BAG ACADEMIC 35L black po, No Size",bag_pack,0,25.99
3583787962800,2754074,"BACKPACK TRAVEL 100 60L Khaki, NO SIZE",bag_pack,0,7.49
3608449865623,2569286,Wedze FS 500 17 Reverse Backpack Gray ADULTE VOLUME,bag_pack,0,34.99
3608439510809,2191097,Escape 20 L Backpack Gray 20L,bag_pack,0,25.99
3583784850759,4565070,"MINI BAG VENICE 1.3L linen, No Size",bag_pack,0,25.99
3608390010776,2967730,"SLEEPING BAG MT 500 15° RED, XL",bag_pack,0,34.99
3608429669944,4447258,"SHORT BAGGY TRAIL M DAR,"" /XL",bag_pack,0,25.99
3583787982938,2692824,900 Backpack - 27L - Black/Yellow Black One Size,bag_pack,0,89.99
3583787790359,2899654,"COMPACT BUMBAG BLK TRAVEL 2L, No Size",bag_pack,0,25.99
3608439333194,2779068,NH550 Backpack 20L Gray 20L,bag_pack,0,34.99
3583788020943,2578765,"HARDCASE BAG 40L BLACK, 40L",bag_pack,0,25.99
3608439373350,2963071,MH 540 3 Sunglasses Gray One Size,eyewear,0,29.99
3608439373633,2951265,MH T140 Kids Sunglasses 10Y 3 Magenta One Size,eyewear,0,5.99
3608439363580,4006790,MH120 Sunglasses Polarized 3 One Size,eyewear,0,5.99
3583787810507,4049532,"GOGGLES 100 XBASE JUNIOR BLUE YELLOW, S",eyewear,0,5.99
3608429789154,2469052,100 Sunglasses 3 - Blue Green One Size,eyewear,0,5.99
3608439335518,4227183,MH K 520 Kids 2 ~ 4Y Sunglasses 4 One Size,eyewear,0,29.99
3583788151371,2537489,500 Y Sunglasses - Category 3 One Size,eyewear,0,29.99
3608449903264,2142204,"Bones 500 , Goggles - Blue-P Navy blue",eyewear,0,29.99
3608409843432,4097252,Sunglasses ROADR 500 3 HCL One Size,eyewear,0,29.99
3583788318439,2145003,MH T 500 Kids Sunglasses 7 ~ 10Y 4 Pink,eyewear,0,29.99
3583787207710,4810003,"GOGGLES 500 SPIRIT L CLEAR BLUE WHITE, L",eyewear,0,29.99
3608439373336,2951167,MH 140 3 Sunglasses One Size,eyewear,0,5.99
3583787375372,4397391,"GOGGLES 100 XBASE L BLACK BLUE, L",eyewear,0,5.99
3583787580325,4230755,"GOGGLES 100 SOFT L BLUE PINK, L",eyewear,0,5.99
3608439362965,4006911,MH510 W 3 Polarized Sunglasses One Size,eyewear,0,29.99
3608439447631,2379125,MH T100 6~10Y Kids Sunglasses 3 One Size,eyewear,0,5.99
3583788516910,591871,BOOMER 7 -10Y Kids Sunglasses - Black & Blue category 3,eyewear,0,18.99
3583788156154,2537494,MH K 900 Kids 4 ~ 6Y Sunglasses 4 Pink One Size,eyewear,0,69.99
3608439332821,4006814,MH160 Sunglasses Polarized 3 Gray One Size,eyewear,0,5.99
3608449849104,2572671,G-Tmax 400 All Weather Ski and Snowboard Goggles,eyewear,0,23.99
3608439318719,4290886,MH K 900 Kids 4 ~ 6Y Sunglasses 4 Gray Blue One Size,eyewear,0,69.99
3583788156161,2537496,MH K 900 Kids 4 ~ 6Y Sunglasses 4 Coral One Size,eyewear,0,69.99
3608449825252,4149101,/ Goggles P 500 - Black UNIQUE,eyewear,0,29.99
3583788411345,2013621,BOOMER 7 -10Y Kids Sunglasses - Black & Blue category 3,eyewear,0,18.99
3608449849067,2422549,G 520 I Kids / Goggles - Green L,eyewear,0,29.99
3583787095409,4943869,"GOGGLES 100 SOFT SMALL PINK TURQUOISE, S",eyewear,0,5.99
3608439370953,4037792,MH T500 6Y~10Y Kids Sunglasses Polarized 4 Black One Size,eyewear,0,29.99
3583787375082,4485119,"OPTICAL GOGGLES 500 BFIT SM, L -4 / R -4",eyewear,0,29.99
3608409842343,4097218,Sunglasses ROADR 900 - White White One Size,eyewear,0,69.99
3583788159186,2537493,MH K 520 Kids 2 ~ 4Y Sunglasses 4 No Size,eyewear,0,29.99
3583788488262,697826,SHOWLAKE S2 still fishing float No Size,other,0,14.99
3583787646885,4247796,BS 190 Women's,other,0,6.49
3583788238621,2310148,BR560 Kids - 6Y,other,0,34.99
3608449888370,2129537,500 Men's Jacket - Blue Cobalt blue,other,0,34.99
3608390669288,4887197,"1PG KAMYLEON 500 STA B, 7-8years/4'-4'2""",other,0,34.99
3608393477590,5682986,KIPSUMMIT W YELLOW,other,0,14.99
3583788242628,2307385,NW580 Men's Black Black,other,0,34.99
3583784277235,4559234,"SKI-P JKT 580 G BEIGE, 8 Years",other,0,34.99
2145280000000,4528166,"DOWN HOODY JKT MT900 M BLACK, L",other,0,79.99
3583787274217,4751929,VIRALTO III TF 23 TURQUO,other,0,14.99
3608449857277,2453715,100 Kids Base Layer - Pink 6Y,other,0,6.49
3608419251036,2348012,520 Blue 12,other,0,34.99
3608459627075,2199015,7 mm 9 (275 cm) - Black Black One Size,other,0,13.99
3583780618018,565414,4X4 500M LINE Blue 60/100,other,0,6.49
3608429864158,2003937,Ekiden One Plus - Black Red,other,0,14.99
3608429737339,2939834,AT 500 Girls 7/8 Navy Blue 141-148cm10-11Y,other,0,34.99
3583783811447,2525581,Inshore100 Men's Y Waterproof Blue L / W34,other,0,6.49
3608392904295,5535277,"JKT 100 JR PINK BL, 10-11years/4'7""-4'9""",other,0,6.49
3583783977358,2987736,Trek 100 - Gray Gray 2XL (L29),other,0,6.49
3583787692332,4032267,"Down Hoody JKT MT100 W Burgundy, S",other,0,6.49
